,0
0,vis_1359_image.jpg
1,vis_317_image.jpg
2,vis_1644_image.jpg
3,vis_547_image.jpg
4,vis_691_image.jpg
5,vis_1509_image.jpg
6,vis_1557_image.jpg
7,vis_834_image.jpg
8,vis_1724_image.jpg
9,vis_991_image.jpg
10,vis_531_image.jpg
11,vis_494_image.jpg
12,vis_1484_image.jpg
13,vis_201_image.jpg
14,vis_1199_image.jpg
15,vis_112_image.jpg
16,vis_1441_image.jpg
17,vis_1797_image.jpg
18,vis_361_image.jpg
19,vis_922_image.jpg
20,vis_1632_image.jpg
21,vis_1645_image.jpg
22,vis_316_image.jpg
23,vis_1358_image.jpg
24,vis_1436_image.jpg
25,vis_1945_image.jpg
26,vis_1306_image.jpg
27,vis_1175_image.jpg
28,vis_276_image.jpg
29,vis_990_image.jpg
30,vis_1725_image.jpg
31,vis_518_image.jpg
32,vis_1825_image.jpg
33,vis_546_image.jpg
34,vis_228_image.jpg
35,vis_200_image.jpg
36,vis_1853_image.jpg
37,vis_1796_image.jpg
38,vis_623_image.jpg
39,vis_1103_image.jpg
40,vis_768_image.jpg
41,vis_1878_image.jpg
42,vis_1016_image.jpg
43,vis_693_image.jpg
44,vis_1590_image.jpg
45,vis_1918_image.jpg
46,vis_1176_image.jpg
47,vis_908_image.jpg
48,vis_1288_image.jpg
49,vis_363_image.jpg
50,vis_920_image.jpg
51,vis_1750_image.jpg
52,vis_533_image.jpg
53,vis_692_image.jpg
54,vis_1779_image.jpg
55,vis_657_image.jpg
56,vis_657_image.jpg
57,vis_957_image.jpg
58,vis_314_image.jpg
59,vis_1129_image.jpg
60,vis_1434_image.jpg
61,vis_1591_image.jpg
62,vis_609_image.jpg
63,vis_609_image.jpg
64,vis_1931_image.jpg
65,vis_26_image.jpg
66,vis_452_image.jpg
67,vis_1631_image.jpg
68,vis_362_image.jpg
69,vis_111_image.jpg
70,vis_1289_image.jpg
71,vis_1212_image.jpg
72,vis_1061_image.jpg
73,vis_1522_image.jpg
74,vis_148_image.jpg
75,vis_978_image.jpg
76,vis_1668_image.jpg
77,vis_1636_image.jpg
78,vis_365_image.jpg
79,vis_883_image.jpg
80,vis_678_image.jpg
81,vis_818_image.jpg
82,vis_205_image.jpg
83,vis_1756_image.jpg
84,vis_1038_image.jpg
85,vis_1808_image.jpg
86,vis_92_image.jpg
87,vis_543_image.jpg
88,vis_1685_image.jpg
89,vis_830_image.jpg
90,vis_57_image.jpg
91,vis_650_image.jpg
92,vis_1303_image.jpg
93,vis_423_image.jpg
94,vis_586_image.jpg
95,vis_1433_image.jpg
96,vis_117_image.jpg
97,vis_882_image.jpg
98,vis_1107_image.jpg
99,vis_454_image.jpg
100,vis_1481_image.jpg
101,vis_719_image.jpg
102,vis_847_image.jpg
103,vis_204_image.jpg
104,vis_491_image.jpg
105,vis_819_image.jpg
106,vis_1709_image.jpg
107,vis_1857_image.jpg
108,vis_1399_image.jpg
109,vis_994_image.jpg
110,vis_389_image.jpg
111,vis_1984_image.jpg
112,vis_161_image.jpg
113,vis_1432_image.jpg
114,vis_312_image.jpg
115,vis_1641_image.jpg
116,vis_56_image.jpg
117,vis_569_image.jpg
118,vis_207_image.jpg
119,vis_1754_image.jpg
120,vis_1527_image.jpg
121,vis_1579_image.jpg
122,vis_744_image.jpg
123,vis_881_image.jpg
124,vis_367_image.jpg
125,vis_114_image.jpg
126,vis_1329_image.jpg
127,vis_1891_image.jpg
128,vis_1891_image.jpg
129,vis_1104_image.jpg
130,vis_952_image.jpg
131,vis_1089_image.jpg
132,vis_1594_image.jpg
133,vis_652_image.jpg
134,vis_421_image.jpg
135,vis_1687_image.jpg
136,vis_1722_image.jpg
137,vis_1551_image.jpg
138,vis_1987_image.jpg
139,vis_1261_image.jpg
140,vis_732_image.jpg
141,vis_258_image.jpg
142,vis_258_image.jpg
143,vis_1065_image.jpg
144,vis_1578_image.jpg
145,vis_745_image.jpg
146,vis_1855_image.jpg
147,vis_1248_image.jpg
148,vis_1755_image.jpg
149,vis_206_image.jpg
150,vis_338_image.jpg
151,vis_1890_image.jpg
152,vis_1446_image.jpg
153,vis_585_image.jpg
154,vis_420_image.jpg
155,vis_420_image.jpg
156,vis_1300_image.jpg
157,vis_653_image.jpg
158,vis_54_image.jpg
159,vis_163_image.jpg
160,vis_1430_image.jpg
161,vis_1260_image.jpg
162,vis_270_image.jpg
163,vis_256_image.jpg
164,vis_538_image.jpg
165,vis_1035_image.jpg
166,vis_1805_image.jpg
167,vis_458_image.jpg
168,vis_336_image.jpg
169,vis_336_image.jpg
170,vis_406_image.jpg
171,vis_1460_image.jpg
172,vis_1613_image.jpg
173,vis_903_image.jpg
174,vis_903_image.jpg
175,vis_1500_image.jpg
176,vis_1988_image.jpg
177,vis_385_image.jpg
178,vis_385_image.jpg
179,vis_220_image.jpg
180,vis_1395_image.jpg
181,vis_763_image.jpg
182,vis_1873_image.jpg
183,vis_714_image.jpg
184,vis_567_image.jpg
185,vis_257_image.jpg
186,vis_341_image.jpg
187,vis_1461_image.jpg
188,vis_132_image.jpg
189,vis_762_image.jpg
190,vis_1872_image.jpg
191,vis_384_image.jpg
192,vis_1501_image.jpg
193,vis_929_image.jpg
194,vis_1324_image.jpg
195,vis_1967_image.jpg
196,vis_677_image.jpg
197,vis_1281_image.jpg
198,vis_70_image.jpg
199,vis_1109_image.jpg
200,vis_1192_image.jpg
201,vis_749_image.jpg
202,vis_182_image.jpg
203,vis_1574_image.jpg
204,vis_1069_image.jpg
205,vis_1707_image.jpg
206,vis_387_image.jpg
207,vis_222_image.jpg
208,vis_1911_image.jpg
209,vis_131_image.jpg
210,vis_1462_image.jpg
211,vis_901_image.jpg
212,vis_1611_image.jpg
213,vis_589_image.jpg
214,vis_976_image.jpg
215,vis_1666_image.jpg
216,vis_676_image.jpg
217,vis_1156_image.jpg
218,vis_1638_image.jpg
219,vis_1706_image.jpg
220,vis_748_image.jpg
221,vis_1245_image.jpg
222,vis_1036_image.jpg
223,vis_565_image.jpg
224,vis_223_image.jpg
225,vis_860_image.jpg
226,vis_760_image.jpg
227,vis_513_image.jpg
228,vis_1610_image.jpg
229,vis_343_image.jpg
230,vis_1910_image.jpg
231,vis_600_image.jpg
232,vis_1353_image.jpg
233,vis_1353_image.jpg
234,vis_473_image.jpg
235,vis_473_image.jpg
236,vis_1120_image.jpg
237,vis_381_image.jpg
238,vis_867_image.jpg
239,vis_739_image.jpg
240,vis_1829_image.jpg
241,vis_1391_image.jpg
242,vis_839_image.jpg
243,vis_1179_image.jpg
244,vis_1617_image.jpg
245,vis_907_image.jpg
246,vis_344_image.jpg
247,vis_137_image.jpg
248,vis_332_image.jpg
249,vis_141_image.jpg
250,vis_1961_image.jpg
251,vis_1701_image.jpg
252,vis_811_image.jpg
253,vis_1031_image.jpg
254,vis_515_image.jpg
255,vis_1046_image.jpg
256,vis_1728_image.jpg
257,vis_838_image.jpg
258,vis_766_image.jpg
259,vis_1235_image.jpg
260,vis_738_image.jpg
261,vis_866_image.jpg
262,vis_1648_image.jpg
263,vis_168_image.jpg
264,vis_606_image.jpg
265,vis_1948_image.jpg
266,vis_1465_image.jpg
267,vis_906_image.jpg
268,vis_1150_image.jpg
269,vis_77_image.jpg
270,vis_1323_image.jpg
271,vis_1286_image.jpg
272,vis_333_image.jpg
273,vis_296_image.jpg
274,vis_970_image.jpg
275,vis_1195_image.jpg
276,vis_1030_image.jpg
277,vis_1573_image.jpg
278,vis_253_image.jpg
279,vis_498_image.jpg
280,vis_318_image.jpg
281,vis_346_image.jpg
282,vis_428_image.jpg
283,vis_1308_image.jpg
284,vis_1236_image.jpg
285,vis_516_image.jpg
286,vis_865_image.jpg
287,vis_1506_image.jpg
288,vis_1803_image.jpg
289,vis_560_image.jpg
290,vis_250_image.jpg
291,vis_1963_image.jpg
292,vis_1285_image.jpg
293,vis_1320_image.jpg
294,vis_1798_image.jpg
295,vis_973_image.jpg
296,vis_330_image.jpg
297,vis_788_image.jpg
298,vis_429_image.jpg
299,vis_1124_image.jpg
300,vis_1081_image.jpg
301,vis_1357_image.jpg
302,vis_604_image.jpg
303,vis_1507_image.jpg
304,vis_1507_image.jpg
305,vis_549_image.jpg
306,vis_864_image.jpg
307,vis_382_image.jpg
308,vis_1044_image.jpg
309,vis_812_image.jpg
310,vis_1702_image.jpg
311,vis_1197_image.jpg
312,vis_1197_image.jpg
313,vis_712_image.jpg
314,vis_1241_image.jpg
315,vis_789_image.jpg
316,vis_789_image.jpg
317,vis_401_image.jpg
318,vis_1799_image.jpg
319,vis_1284_image.jpg
320,vis_672_image.jpg
321,vis_1970_image.jpg
322,vis_1296_image.jpg
323,vis_1333_image.jpg
324,vis_1403_image.jpg
325,vis_39_image.jpg
326,vis_960_image.jpg
327,vis_960_image.jpg
328,vis_1020_image.jpg
329,vis_1185_image.jpg
330,vis_1498_image.jpg
331,vis_1498_image.jpg
332,vis_1710_image.jpg
333,vis_1710_image.jpg
334,vis_505_image.jpg
335,vis_1738_image.jpg
336,vis_1225_image.jpg
337,vis_1866_image.jpg
338,vis_1515_image.jpg
339,vis_728_image.jpg
340,vis_390_image.jpg
341,vis_465_image.jpg
342,vis_1136_image.jpg
343,vis_616_image.jpg
344,vis_616_image.jpg
345,vis_1345_image.jpg
346,vis_1958_image.jpg
347,vis_1168_image.jpg
348,vis_1671_image.jpg
349,vis_287_image.jpg
350,vis_66_image.jpg
351,vis_412_image.jpg
352,vis_801_image.jpg
353,vis_1711_image.jpg
354,vis_1562_image.jpg
355,vis_1499_image.jpg
356,vis_1021_image.jpg
357,vis_1767_image.jpg
358,vis_391_image.jpg
359,vis_1867_image.jpg
360,vis_1381_image.jpg
361,vis_829_image.jpg
362,vis_1739_image.jpg
363,vis_649_image.jpg
364,vis_127_image.jpg
365,vis_1474_image.jpg
366,vis_617_image.jpg
367,vis_1137_image.jpg
368,vis_1092_image.jpg
369,vis_464_image.jpg
370,vis_197_image.jpg
371,vis_1712_image.jpg
372,vis_571_image.jpg
373,vis_8_image.jpg
374,vis_1251_image.jpg
375,vis_702_image.jpg
376,vis_1401_image.jpg
377,vis_284_image.jpg
378,vis_1672_image.jpg
379,vis_662_image.jpg
380,vis_1091_image.jpg
381,vis_1904_image.jpg
382,vis_559_image.jpg
383,vis_237_image.jpg
384,vis_507_image.jpg
385,vis_1549_image.jpg
386,vis_1227_image.jpg
387,vis_1382_image.jpg
388,vis_703_image.jpg
389,vis_1813_image.jpg
390,vis_570_image.jpg
391,vis_1186_image.jpg
392,vis_410_image.jpg
393,vis_320_image.jpg
394,vis_963_image.jpg
395,vis_125_image.jpg
396,vis_1765_image.jpg
397,vis_236_image.jpg
398,vis_89_image.jpg
399,vis_351_image.jpg
400,vis_912_image.jpg
401,vis_122_image.jpg
402,vis_1471_image.jpg
403,vis_1862_image.jpg
404,vis_501_image.jpg
405,vis_1052_image.jpg
406,vis_989_image.jpg
407,vis_1511_image.jpg
408,vis_1539_image.jpg
409,vis_1714_image.jpg
410,vis_247_image.jpg
411,vis_1567_image.jpg
412,vis_1209_image.jpg
413,vis_1459_image.jpg
414,vis_1974_image.jpg
415,vis_379_image.jpg
416,vis_1144_image.jpg
417,vis_282_image.jpg
418,vis_1674_image.jpg
419,vis_1369_image.jpg
420,vis_154_image.jpg
421,vis_1096_image.jpg
422,vis_1133_image.jpg
423,vis_613_image.jpg
424,vis_613_image.jpg
425,vis_1510_image.jpg
426,vis_1998_image.jpg
427,vis_988_image.jpg
428,vis_1385_image.jpg
429,vis_773_image.jpg
430,vis_1566_image.jpg
431,vis_1715_image.jpg
432,vis_576_image.jpg
433,vis_218_image.jpg
434,vis_1256_image.jpg
435,vis_1538_image.jpg
436,vis_155_image.jpg
437,vis_1145_image.jpg
438,vis_1293_image.jpg
439,vis_665_image.jpg
440,vis_1386_image.jpg
441,vis_1050_image.jpg
442,vis_463_image.jpg
443,vis_325_image.jpg
444,vis_280_image.jpg
445,vis_415_image.jpg
446,vis_1716_image.jpg
447,vis_245_image.jpg
448,vis_1255_image.jpg
449,vis_1255_image.jpg
450,vis_858_image.jpg
451,vis_1183_image.jpg
452,vis_1026_image.jpg
453,vis_502_image.jpg
454,vis_1222_image.jpg
455,vis_771_image.jpg
456,vis_771_image.jpg
457,vis_1861_image.jpg
458,vis_1512_image.jpg
459,vis_871_image.jpg
460,vis_1094_image.jpg
461,vis_1131_image.jpg
462,vis_611_image.jpg
463,vis_1901_image.jpg
464,vis_16_image.jpg
465,vis_48_image.jpg
466,vis_1601_image.jpg
467,vis_352_image.jpg
468,vis_599_image.jpg
469,vis_639_image.jpg
470,vis_1929_image.jpg
471,vis_1677_image.jpg
472,vis_324_image.jpg
473,vis_1749_image.jpg
474,vis_574_image.jpg
475,vis_1564_image.jpg
476,vis_807_image.jpg
477,vis_1542_image.jpg
478,vis_821_image.jpg
479,vis_83_image.jpg
480,vis_18_image.jpg
481,vis_171_image.jpg
482,vis_302_image.jpg
483,vis_597_image.jpg
484,vis_1161_image.jpg
485,vis_669_image.jpg
486,vis_374_image.jpg
487,vis_1679_image.jpg
488,vis_1117_image.jpg
489,vis_30_image.jpg
490,vis_159_image.jpg
491,vis_1927_image.jpg
492,vis_1491_image.jpg
493,vis_1747_image.jpg
494,vis_1847_image.jpg
495,vis_720_image.jpg
496,vis_553_image.jpg
497,vis_1000_image.jpg
498,vis_985_image.jpg
499,vis_263_image.jpg
500,vis_47_image.jpg
501,vis_640_image.jpg
502,vis_433_image.jpg
503,vis_303_image.jpg
504,vis_1678_image.jpg
505,vis_968_image.jpg
506,vis_1116_image.jpg
507,vis_1148_image.jpg
508,vis_375_image.jpg
509,vis_1783_image.jpg
510,vis_936_image.jpg
511,vis_106_image.jpg
512,vis_1846_image.jpg
513,vis_1205_image.jpg
514,vis_525_image.jpg
515,vis_1746_image.jpg
516,vis_856_image.jpg
517,vis_1535_image.jpg
518,vis_1535_image.jpg
519,vis_2_image.jpg
520,vis_430_image.jpg
521,vis_1163_image.jpg
522,vis_595_image.jpg
523,vis_643_image.jpg
524,vis_1310_image.jpg
525,vis_44_image.jpg
526,vis_943_image.jpg
527,vis_686_image.jpg
528,vis_1270_image.jpg
529,vis_1996_image.jpg
530,vis_1833_image.jpg
531,vis_260_image.jpg
532,vis_1733_image.jpg
533,vis_1075_image.jpg
534,vis_1568_image.jpg
535,vis_755_image.jpg
536,vis_1258_image.jpg
537,vis_1_image.jpg
538,vis_1536_image.jpg
539,vis_578_image.jpg
540,vis_446_image.jpg
541,vis_635_image.jpg
542,vis_1338_image.jpg
543,vis_935_image.jpg
544,vis_1625_image.jpg
545,vis_301_image.jpg
546,vis_942_image.jpg
547,vis_1584_image.jpg
548,vis_1311_image.jpg
549,vis_45_image.jpg
550,vis_1162_image.jpg
551,vis_594_image.jpg
552,vis_431_image.jpg
553,vis_822_image.jpg
554,vis_261_image.jpg
555,vis_987_image.jpg
556,vis_987_image.jpg
557,vis_80_image.jpg
558,vis_551_image.jpg
559,vis_1002_image.jpg
560,vis_1259_image.jpg
561,vis_1537_image.jpg
562,vis_1492_image.jpg
563,vis_1844_image.jpg
564,vis_1074_image.jpg
565,vis_891_image.jpg
566,vis_1624_image.jpg
567,vis_104_image.jpg
568,vis_791_image.jpg
569,vis_33_image.jpg
570,vis_447_image.jpg
571,vis_1843_image.jpg
572,vis_1200_image.jpg
573,vis_1786_image.jpg
574,vis_370_image.jpg
575,vis_1623_image.jpg
576,vis_468_image.jpg
577,vis_306_image.jpg
578,vis_1655_image.jpg
579,vis_1348_image.jpg
580,vis_1583_image.jpg
581,vis_645_image.jpg
582,vis_980_image.jpg
583,vis_1690_image.jpg
584,vis_508_image.jpg
585,vis_1546_image.jpg
586,vis_1546_image.jpg
587,vis_725_image.jpg
588,vis_1835_image.jpg
589,vis_238_image.jpg
590,vis_238_image.jpg
591,vis_1072_image.jpg
592,vis_484_image.jpg
593,vis_199_image.jpg
594,vis_1112_image.jpg
595,vis_1887_image.jpg
596,vis_1451_image.jpg
597,vis_102_image.jpg
598,vis_897_image.jpg
599,vis_371_image.jpg
600,vis_1479_image.jpg
601,vis_1954_image.jpg
602,vis_1317_image.jpg
603,vis_174_image.jpg
604,vis_174_image.jpg
605,vis_469_image.jpg
606,vis_1004_image.jpg
607,vis_239_image.jpg
608,vis_681_image.jpg
609,vis_1834_image.jpg
610,vis_1519_image.jpg
611,vis_509_image.jpg
612,vis_1884_image.jpg
613,vis_289_image.jpg
614,vis_289_image.jpg
615,vis_372_image.jpg
616,vis_931_image.jpg
617,vis_1452_image.jpg
618,vis_1299_image.jpg
619,vis_751_image.jpg
620,vis_851_image.jpg
621,vis_85_image.jpg
622,vis_1274_image.jpg
623,vis_1992_image.jpg
624,vis_879_image.jpg
625,vis_1737_image.jpg
626,vis_1869_image.jpg
627,vis_1314_image.jpg
628,vis_647_image.jpg
629,vis_129_image.jpg
630,vis_40_image.jpg
631,vis_40_image.jpg
632,vis_1139_image.jpg
633,vis_177_image.jpg
634,vis_1424_image.jpg
635,vis_1909_image.jpg
636,vis_619_image.jpg
637,vis_100_image.jpg
638,vis_1298_image.jpg
639,vis_930_image.jpg
640,vis_1620_image.jpg
641,vis_895_image.jpg
642,vis_443_image.jpg
643,vis_1110_image.jpg
644,vis_288_image.jpg
645,vis_630_image.jpg
646,vis_795_image.jpg
647,vis_850_image.jpg
648,vis_1740_image.jpg
649,vis_1868_image.jpg
650,vis_1058_image.jpg
651,vis_1768_image.jpg
652,vis_1993_image.jpg
653,vis_726_image.jpg
654,vis_946_image.jpg
655,vis_305_image.jpg
656,vis_1608_image.jpg
657,vis_1956_image.jpg
658,vis_1315_image.jpg
